LIFESTAGE,PREMIUM_CUSTOMER,Avg_Transactions_Per_Customer,Avg_Spend_Per_Customer,Avg_Units_Per_Customer
OLDER FAMILIES,Mainstream,4.75,34.58,9.26
OLDER FAMILIES,Budget,4.67,34.02,9.08
OLDER FAMILIES,Premium,4.66,33.73,9.07
YOUNG FAMILIES,Budget,4.49,32.82,8.72
YOUNG FAMILIES,Premium,4.5,32.77,8.72
YOUNG FAMILIES,Mainstream,4.45,32.16,8.64
OLDER SINGLES/COUPLES,Premium,3.54,26.39,6.77
OLDER SINGLES/COUPLES,Budget,3.54,26.36,6.78
MIDAGE SINGLES/COUPLES,Mainstream,3.36,25.69,6.43
OLDER SINGLES/COUPLES,Mainstream,3.51,25.66,6.71
RETIREES,Budget,3.24,24.15,6.14
RETIREES,Premium,3.21,23.95,6.1
MIDAGE SINGLES/COUPLES,Premium,3.21,22.98,6.08
RETIREES,Mainstream,3.14,22.83,5.93
MIDAGE SINGLES/COUPLES,Budget,3.18,22.62,6.03
NEW FAMILIES,Mainstream,2.63,19.25,4.89
NEW FAMILIES,Budget,2.6,18.96,4.82
NEW FAMILIES,Premium,2.59,18.71,4.82
YOUNG SINGLES/COUPLES,Mainstream,2.47,18.64,4.58
YOUNG SINGLES/COUPLES,Premium,2.36,15.75,4.26
YOUNG SINGLES/COUPLES,Budget,2.35,15.66,4.25
