CUSTOMER_SEGMENT,Total_Sales,Avg_Transaction,Num_Transactions,Total_Units,Unique_Customers
OLDER FAMILIES - Budget,156863.75,7.29,21514,41853,4611
YOUNG SINGLES/COUPLES - Mainstream,147582.2,7.55,19544,36225,7917
RETIREES - Mainstream,145168.95,7.27,19970,37677,6358
YOUNG FAMILIES - Budget,129717.95,7.3,17763,34482,3953
OLDER SINGLES/COUPLES - Budget,127833.6,7.44,17172,32883,4849
OLDER SINGLES/COUPLES - Mainstream,124648.5,7.31,17061,32607,4858
OLDER SINGLES/COUPLES - Premium,123537.55,7.46,16560,31695,4682
RETIREES - Budget,105916.3,7.45,14225,26932,4385
OLDER FAMILIES - Mainstream,96413.55,7.28,13241,25804,2788
RETIREES - Premium,91296.65,7.46,12236,23266,3812
YOUNG FAMILIES - Mainstream,86338.25,7.23,11947,23194,2685
MIDAGE SINGLES/COUPLES - Mainstream,84734.25,7.64,11095,21213,3298
YOUNG FAMILIES - Premium,78571.7,7.29,10784,20901,2398
OLDER FAMILIES - Premium,75242.6,7.23,10403,20239,2231
YOUNG SINGLES/COUPLES - Budget,57122.1,6.66,8573,15500,3647
MIDAGE SINGLES/COUPLES - Premium,54443.85,7.15,7612,14400,2369
YOUNG SINGLES/COUPLES - Premium,39052.3,6.67,5852,10575,2480
MIDAGE SINGLES/COUPLES - Budget,33345.7,7.11,4691,8883,1474
NEW FAMILIES - Budget,20607.45,7.3,2824,5241,1087
NEW FAMILIES - Mainstream,15979.7,7.31,2185,4060,830
NEW FAMILIES - Premium,10760.8,7.23,1488,2769,575
